direction,route,pattern,length,forward_context_length,samples,metric,median_ms,min_ms,max_ms,sample_stdev_ms,range_percent,material_reduction_ms
duplex-forward,0,3,257,257,6,elapsed_us,86.9225,86.351,86.953,0.23413365129059657,0.6925709683913831,4.346125
duplex-forward,0,3,257,257,6,send_ticks,16.666666666666668,0.0,16.666666666666668,8.606629658238706,100.0,33.333333333333336
duplex-forward,0,3,257,257,6,reply_ticks,83.33333333333334,83.33333333333334,100.0,8.606629658238706,20.0,33.333333333333336
duplex-forward,0,3,4096,4096,6,elapsed_us,120.8955,120.787,120.953,0.06756256359848996,0.13730866740283965,6.0447750000000005
duplex-forward,0,3,4096,4096,6,send_ticks,116.66666666666667,116.66666666666667,116.66666666666667,0.0,0.0,33.333333333333336
duplex-forward,0,3,4096,4096,6,reply_ticks,83.33333333333334,83.33333333333334,83.33333333333334,0.0,0.0,33.333333333333336
duplex-forward,0,3,65535,65535,6,elapsed_us,672.814,672.562,673.3770000000001,0.3316659463978779,0.12113303230907799,33.6407
duplex-forward,0,3,65535,65535,6,send_ticks,666.6666666666667,666.6666666666667,683.3333333333334,8.606629658238706,2.5,33.333333333333336
duplex-forward,0,3,65535,65535,6,reply_ticks,83.33333333333334,83.33333333333334,100.0,6.804138174397718,20.0,33.333333333333336
duplex-forward,1,3,257,257,6,elapsed_us,116.0125,115.973,116.037,0.025905597850657686,0.05516646913048163,5.800625
duplex-forward,1,3,257,257,6,send_ticks,116.66666666666667,100.0,116.66666666666667,8.606629658238706,14.285714285714286,33.33333333333334
duplex-forward,1,3,257,257,6,reply_ticks,108.33333333333334,100.0,116.66666666666667,9.128709291752768,15.384615384615385,33.33333333333334
duplex-forward,1,3,4096,4096,6,elapsed_us,239.038,239.036,239.046,0.0035777087639996636,0.004183435269706072,11.951900000000002
duplex-forward,1,3,4096,4096,6,send_ticks,241.66666666666669,233.33333333333334,250.00000000000003,9.128709291752768,6.896551724137931,33.33333333333337
duplex-forward,1,3,4096,4096,6,reply_ticks,116.66666666666667,100.0,116.66666666666667,6.804138174397718,14.285714285714286,33.33333333333334
duplex-forward,1,3,65535,65535,6,elapsed_us,2207.1115,2207.052,2207.143,0.03967366884975475,0.004123035922743368,110.355575
duplex-forward,1,3,65535,65535,6,send_ticks,2200.0,2200.0,2216.666666666667,6.804138174397718,0.7575757575757576,110.0
duplex-forward,1,3,65535,65535,6,reply_ticks,108.33333333333334,100.0,116.66666666666667,9.128709291752768,15.384615384615385,33.33333333333334
duplex-reverse,0,3,256,257,6,elapsed_us,85.077,85.003,85.112,0.04122337524592894,0.1281192331652503,4.25385
duplex-reverse,0,3,256,257,6,send_ticks,16.666666666666668,0.0,16.666666666666668,8.606629658238706,100.0,33.333333333333336
duplex-reverse,0,3,256,257,6,reply_ticks,83.33333333333334,83.33333333333334,100.0,8.606629658238706,20.0,33.333333333333336
duplex-reverse,0,3,256,4096,6,elapsed_us,85.0325,85.007,85.08200000000001,0.025918461888520056,0.08820156998794579,4.251625
duplex-reverse,0,3,256,4096,6,send_ticks,116.66666666666667,116.66666666666667,116.66666666666667,0.0,0.0,33.333333333333336
duplex-reverse,0,3,256,4096,6,reply_ticks,83.33333333333334,83.33333333333334,83.33333333333334,0.0,0.0,33.333333333333336
duplex-reverse,0,3,256,65535,6,elapsed_us,85.068,84.988,85.10900000000001,0.04417993511388022,0.1422391498565853,4.2534
duplex-reverse,0,3,256,65535,6,send_ticks,666.6666666666667,666.6666666666667,683.3333333333334,8.606629658238706,2.5,33.333333333333336
duplex-reverse,0,3,256,65535,6,reply_ticks,83.33333333333334,83.33333333333334,100.0,6.804138174397718,20.0,33.333333333333336
duplex-reverse,1,3,256,257,6,elapsed_us,0.608,0.603,0.614,0.004226897995772629,1.8092105263157894,0.0304
duplex-reverse,1,3,256,257,6,send_ticks,116.66666666666667,100.0,116.66666666666667,8.606629658238706,14.285714285714286,33.33333333333334
duplex-reverse,1,3,256,257,6,reply_ticks,108.33333333333334,100.0,116.66666666666667,9.128709291752768,15.384615384615385,33.33333333333334
duplex-reverse,1,3,256,4096,6,elapsed_us,0.6035,0.592,0.663,0.02613809480432727,11.764705882352942,0.14200000000000013
duplex-reverse,1,3,256,4096,6,send_ticks,241.66666666666669,233.33333333333334,250.00000000000003,9.128709291752768,6.896551724137931,33.33333333333337
duplex-reverse,1,3,256,4096,6,reply_ticks,116.66666666666667,100.0,116.66666666666667,6.804138174397718,14.285714285714286,33.33333333333334
duplex-reverse,1,3,256,65535,6,elapsed_us,0.6065,0.595,0.664,0.025382408606487026,11.376751854905194,0.13800000000000012
duplex-reverse,1,3,256,65535,6,send_ticks,2200.0,2200.0,2216.666666666667,6.804138174397718,0.7575757575757576,110.0
duplex-reverse,1,3,256,65535,6,reply_ticks,108.33333333333334,100.0,116.66666666666667,9.128709291752768,15.384615384615385,33.33333333333334
forward,0,0,0,0,6,elapsed_us,0.439,0.424,0.52,0.03479319856906902,21.867881548974943,0.19200000000000006
forward,0,0,0,0,6,send_ticks,0.0,0.0,0.0,0.0,,
forward,0,0,0,0,6,reply_ticks,0.0,0.0,0.0,0.0,,
forward,0,0,1,1,6,elapsed_us,0.731,0.678,0.778,0.03866997112316825,13.679890560875513,0.19999999999999996
forward,0,0,1,1,6,send_ticks,0.0,0.0,0.0,0.0,,
forward,0,0,1,1,6,reply_ticks,0.0,0.0,0.0,0.0,,
forward,0,0,63,63,6,elapsed_us,1.1615,1.159,1.274,0.04773014421376356,9.900990099009901,0.22999999999999998
forward,0,0,63,63,6,send_ticks,0.0,0.0,0.0,0.0,,
forward,0,0,63,63,6,reply_ticks,0.0,0.0,0.0,0.0,,
forward,0,0,64,64,6,elapsed_us,1.1925000000000001,1.165,1.223,0.027626074639731213,4.863731656184487,0.1160000000000001
forward,0,0,64,64,6,send_ticks,0.0,0.0,0.0,0.0,,
forward,0,0,64,64,6,reply_ticks,0.0,0.0,16.666666666666668,6.804138174397718,,
forward,0,0,65,65,6,elapsed_us,1.1895,1.143,1.238,0.03980284746932896,7.9865489701555274,0.18999999999999995
forward,0,0,65,65,6,send_ticks,0.0,0.0,16.666666666666668,6.804138174397718,,
forward,0,0,65,65,6,reply_ticks,0.0,0.0,0.0,0.0,,
forward,0,0,255,255,6,elapsed_us,2.813,2.801,2.818,0.006493586579592719,0.6043370067543548,0.14065000000000003
forward,0,0,255,255,6,send_ticks,8.333333333333334,0.0,16.666666666666668,9.128709291752768,200.0,33.333333333333336
forward,0,0,255,255,6,reply_ticks,0.0,0.0,0.0,0.0,,
forward,0,0,256,256,6,elapsed_us,2.813,2.805,2.839,0.013437509689918987,1.2086740135087095,0.14065000000000003
forward,0,0,256,256,6,send_ticks,0.0,0.0,16.666666666666668,6.804138174397718,,
forward,0,0,256,256,6,reply_ticks,0.0,0.0,0.0,0.0,,
forward,0,0,257,257,6,elapsed_us,2.8225000000000002,2.814,2.843,0.011260550608207397,1.0274579273693534,0.14112500000000003
forward,0,0,257,257,6,send_ticks,0.0,0.0,0.0,0.0,,
forward,0,0,257,257,6,reply_ticks,0.0,0.0,0.0,0.0,,
forward,0,0,4095,4095,6,elapsed_us,37.4465,37.418,37.47,0.023373061416938946,0.13886478042006595,1.872325
forward,0,0,4095,4095,6,send_ticks,33.333333333333336,33.333333333333336,33.333333333333336,0.0,0.0,33.333333333333336
forward,0,0,4095,4095,6,reply_ticks,0.0,0.0,16.666666666666668,8.606629658238706,,
forward,0,0,4096,4096,6,elapsed_us,37.4395,37.409,37.476,0.027330690929185577,0.1789553813485757,1.8719750000000002
forward,0,0,4096,4096,6,send_ticks,33.333333333333336,33.333333333333336,50.0,6.804138174397718,50.0,33.333333333333336
forward,0,0,4096,4096,6,reply_ticks,0.0,0.0,0.0,0.0,,
forward,0,0,4097,4097,6,elapsed_us,37.444,37.387,37.506,0.04027240577202542,0.3178079265035787,1.8722000000000003
forward,0,0,4097,4097,6,send_ticks,33.333333333333336,33.333333333333336,50.0,6.804138174397718,50.0,33.333333333333336
forward,0,0,4097,4097,6,reply_ticks,0.0,0.0,16.666666666666668,6.804138174397718,,
forward,0,0,32768,32768,6,elapsed_us,295.9515,295.88800000000003,296.195,0.11622162736197883,0.10373321304335338,14.797575000000002
forward,0,0,32768,32768,6,send_ticks,300.0,283.33333333333337,300.0,6.804138174397718,5.555555555555555,33.333333333333336
forward,0,0,32768,32768,6,reply_ticks,0.0,0.0,16.666666666666668,6.804138174397718,,
forward,0,0,65535,65535,6,elapsed_us,591.227,591.089,591.365,0.10631588153548212,0.04668257708122261,29.56135
forward,0,0,65535,65535,6,send_ticks,600.0,583.3333333333334,600.0,8.606629658238706,2.7777777777777777,33.333333333333336
forward,0,0,65535,65535,6,reply_ticks,0.0,0.0,16.666666666666668,8.606629658238706,,
forward,0,1,0,0,6,elapsed_us,0.4385,0.434,0.525,0.03536900714844377,20.752565564424174,0.18200000000000005
forward,0,1,0,0,6,send_ticks,0.0,0.0,0.0,0.0,,
forward,0,1,0,0,6,reply_ticks,0.0,0.0,0.0,0.0,,
forward,0,1,1,1,6,elapsed_us,0.6755,0.669,0.743,0.0283384309139844,10.954848260547742,0.1479999999999999
forward,0,1,1,1,6,send_ticks,0.0,0.0,0.0,0.0,,
forward,0,1,1,1,6,reply_ticks,0.0,0.0,0.0,0.0,,
forward,0,1,63,63,6,elapsed_us,1.161,1.1460000000000001,1.213,0.025791471458604297,5.770887166236004,0.1339999999999999
forward,0,1,63,63,6,send_ticks,0.0,0.0,0.0,0.0,,
forward,0,1,63,63,6,reply_ticks,0.0,0.0,0.0,0.0,,
forward,0,1,64,64,6,elapsed_us,1.151,1.141,1.231,0.03451762834649372,7.819287576020852,0.18000000000000016
forward,0,1,64,64,6,send_ticks,0.0,0.0,0.0,0.0,,
forward,0,1,64,64,6,reply_ticks,0.0,0.0,0.0,0.0,,
forward,0,1,65,65,6,elapsed_us,1.2185,1.155,1.24,0.03366551153133822,6.975789905621666,0.16999999999999993
forward,0,1,65,65,6,send_ticks,0.0,0.0,0.0,0.0,,
forward,0,1,65,65,6,reply_ticks,0.0,0.0,0.0,0.0,,
forward,0,1,255,255,6,elapsed_us,2.785,2.766,2.823,0.020107212636265626,2.0466786355475763,0.13925
forward,0,1,255,255,6,send_ticks,0.0,0.0,16.666666666666668,6.804138174397718,,
forward,0,1,255,255,6,reply_ticks,0.0,0.0,0.0,0.0,,
forward,0,1,256,256,6,elapsed_us,2.7785,2.704,2.8120000000000003,0.037313089749666496,3.8869893827604822,0.2160000000000002
forward,0,1,256,256,6,send_ticks,0.0,0.0,16.666666666666668,6.804138174397718,,
forward,0,1,256,256,6,reply_ticks,0.0,0.0,0.0,0.0,,
forward,0,1,257,257,6,elapsed_us,2.8005,2.789,2.823,0.01554884776009678,1.2140689162649527,0.140025
forward,0,1,257,257,6,send_ticks,0.0,0.0,0.0,0.0,,
forward,0,1,257,257,6,reply_ticks,0.0,0.0,16.666666666666668,6.804138174397718,,
forward,0,1,4095,4095,6,elapsed_us,36.9545,36.932,36.967,0.01202358792817962,0.09471106360524428,1.8477250000000003
forward,0,1,4095,4095,6,send_ticks,33.333333333333336,33.333333333333336,33.333333333333336,0.0,0.0,33.333333333333336
forward,0,1,4095,4095,6,reply_ticks,0.0,0.0,0.0,0.0,,
forward,0,1,4096,4096,6,elapsed_us,36.958,36.945,36.996,0.01851125783588643,0.13799448022079117,1.8479
forward,0,1,4096,4096,6,send_ticks,33.333333333333336,33.333333333333336,50.0,6.804138174397718,50.0,33.333333333333336
forward,0,1,4096,4096,6,reply_ticks,0.0,0.0,0.0,0.0,,
forward,0,1,4097,4097,6,elapsed_us,36.975500000000004,36.875,37.018,0.05224812596320242,0.38674257278468177,1.8487750000000003
forward,0,1,4097,4097,6,send_ticks,33.333333333333336,33.333333333333336,33.333333333333336,0.0,0.0,33.333333333333336
forward,0,1,4097,4097,6,reply_ticks,0.0,0.0,16.666666666666668,6.804138174397718,,
forward,0,1,32768,32768,6,elapsed_us,292.25600000000003,292.214,292.359,0.04952171240981071,0.04961403700864995,14.612800000000002
forward,0,1,32768,32768,6,send_ticks,283.33333333333337,283.33333333333337,300.0,8.606629658238706,5.882352941176471,33.333333333333336
forward,0,1,32768,32768,6,reply_ticks,0.0,0.0,16.666666666666668,8.606629658238706,,
forward,0,1,65535,65535,6,elapsed_us,583.799,583.746,583.916,0.0583472364384124,0.029119611373092453,29.18995
forward,0,1,65535,65535,6,send_ticks,583.3333333333334,583.3333333333334,583.3333333333334,0.0,0.0,33.333333333333336
forward,0,1,65535,65535,6,reply_ticks,16.666666666666668,16.666666666666668,16.666666666666668,0.0,0.0,33.333333333333336
forward,0,2,0,0,6,elapsed_us,0.4445,0.433,0.523,0.04186645435190327,20.247469066366705,0.18000000000000005
forward,0,2,0,0,6,send_ticks,0.0,0.0,0.0,0.0,,
forward,0,2,0,0,6,reply_ticks,0.0,0.0,16.666666666666668,8.606629658238706,,
forward,0,2,1,1,6,elapsed_us,0.6775,0.673,0.759,0.04027240577202542,12.693726937269373,0.17199999999999993
forward,0,2,1,1,6,send_ticks,0.0,0.0,0.0,0.0,,
forward,0,2,1,1,6,reply_ticks,0.0,0.0,0.0,0.0,,
forward,0,2,63,63,6,elapsed_us,1.161,1.157,1.166,0.0029944392908634273,0.7751937984496124,0.058050000000000004
forward,0,2,63,63,6,send_ticks,0.0,0.0,0.0,0.0,,
forward,0,2,63,63,6,reply_ticks,0.0,0.0,0.0,0.0,,
forward,0,2,64,64,6,elapsed_us,1.1615,1.1520000000000001,1.24,0.039483751932493275,7.576409814894533,0.1759999999999997
forward,0,2,64,64,6,send_ticks,0.0,0.0,0.0,0.0,,
forward,0,2,64,64,6,reply_ticks,0.0,0.0,0.0,0.0,,
forward,0,2,65,65,6,elapsed_us,1.1655,1.143,1.256,0.04485829540527222,9.695409695409696,0.22599999999999998
forward,0,2,65,65,6,send_ticks,0.0,0.0,16.666666666666668,6.804138174397718,,
forward,0,2,65,65,6,reply_ticks,0.0,0.0,16.666666666666668,6.804138174397718,,
forward,0,2,255,255,6,elapsed_us,2.7965,2.7840000000000003,2.841,0.020849460424672867,2.0382621133559806,0.139825
forward,0,2,255,255,6,send_ticks,0.0,0.0,16.666666666666668,6.804138174397718,,
forward,0,2,255,255,6,reply_ticks,0.0,0.0,16.666666666666668,8.606629658238706,,
forward,0,2,256,256,6,elapsed_us,2.8040000000000003,2.793,2.826,0.011075498483890767,1.1768901569186876,0.14020000000000002
forward,0,2,256,256,6,send_ticks,0.0,0.0,16.666666666666668,6.804138174397718,,
forward,0,2,256,256,6,reply_ticks,0.0,0.0,0.0,0.0,,
forward,0,2,257,257,6,elapsed_us,2.8195,2.809,2.834,0.009537644712750978,0.8866820358219543,0.14097500000000002
forward,0,2,257,257,6,send_ticks,0.0,0.0,0.0,0.0,,
forward,0,2,257,257,6,reply_ticks,0.0,0.0,0.0,0.0,,
forward,0,2,4095,4095,6,elapsed_us,37.283,37.226,37.332,0.033951435904833245,0.28431188477322106,1.8641500000000002
forward,0,2,4095,4095,6,send_ticks,33.333333333333336,33.333333333333336,50.0,6.804138174397718,50.0,33.333333333333336
forward,0,2,4095,4095,6,reply_ticks,0.0,0.0,0.0,0.0,,
forward,0,2,4096,4096,6,elapsed_us,37.3115,37.227000000000004,37.344,0.04284584771791389,0.3135762432494003,1.8655750000000002
forward,0,2,4096,4096,6,send_ticks,33.333333333333336,33.333333333333336,50.0,6.804138174397718,50.0,33.333333333333336
forward,0,2,4096,4096,6,reply_ticks,0.0,0.0,16.666666666666668,6.804138174397718,,
forward,0,2,4097,4097,6,elapsed_us,37.321,37.287,37.356,0.02778488797889961,0.18488250582781812,1.86605
forward,0,2,4097,4097,6,send_ticks,41.66666666666667,33.333333333333336,50.0,9.128709291752768,40.0,33.333333333333336
forward,0,2,4097,4097,6,reply_ticks,0.0,0.0,0.0,0.0,,
forward,0,2,32768,32768,6,elapsed_us,295.0285,294.915,295.108,0.07075238511880713,0.06541740882660489,14.751425000000001
forward,0,2,32768,32768,6,send_ticks,300.0,283.33333333333337,300.0,6.804138174397718,5.555555555555555,33.333333333333336
forward,0,2,32768,32768,6,reply_ticks,0.0,0.0,16.666666666666668,6.804138174397718,,
forward,0,2,65535,65535,6,elapsed_us,589.1875,589.134,589.295,0.05465314873515219,0.027325766415614725,29.459375
forward,0,2,65535,65535,6,send_ticks,583.3333333333334,583.3333333333334,600.0,8.606629658238706,2.857142857142857,33.333333333333336
forward,0,2,65535,65535,6,reply_ticks,16.666666666666668,0.0,16.666666666666668,6.804138174397718,100.0,33.333333333333336
forward,0,3,0,0,6,elapsed_us,0.451,0.431,0.527,0.03620865458238771,21.286031042128602,0.19200000000000006
forward,0,3,0,0,6,send_ticks,0.0,0.0,0.0,0.0,,
forward,0,3,0,0,6,reply_ticks,0.0,0.0,0.0,0.0,,
forward,0,3,1,1,6,elapsed_us,0.7495,0.6880000000000001,0.779,0.030988169785688646,12.141427618412274,0.18199999999999994
forward,0,3,1,1,6,send_ticks,0.0,0.0,0.0,0.0,,
forward,0,3,1,1,6,reply_ticks,0.0,0.0,16.666666666666668,6.804138174397718,,
forward,0,3,63,63,6,elapsed_us,1.2075,1.161,1.23,0.031091799561942374,5.714285714285714,0.1379999999999999
forward,0,3,63,63,6,send_ticks,0.0,0.0,0.0,0.0,,
forward,0,3,63,63,6,reply_ticks,0.0,0.0,16.666666666666668,6.804138174397718,,
forward,0,3,64,64,6,elapsed_us,1.165,1.141,1.245,0.03598564528623416,8.927038626609441,0.20800000000000018
forward,0,3,64,64,6,send_ticks,0.0,0.0,0.0,0.0,,
forward,0,3,64,64,6,reply_ticks,0.0,0.0,16.666666666666668,6.804138174397718,,
forward,0,3,65,65,6,elapsed_us,1.163,1.159,1.268,0.043403532882320385,9.37231298366294,0.21799999999999997
forward,0,3,65,65,6,send_ticks,0.0,0.0,0.0,0.0,,
forward,0,3,65,65,6,reply_ticks,0.0,0.0,0.0,0.0,,
forward,0,3,255,255,6,elapsed_us,2.787,2.775,2.837,0.021961329650091774,2.2246142805884466,0.13935
forward,0,3,255,255,6,send_ticks,0.0,0.0,16.666666666666668,6.804138174397718,,
forward,0,3,255,255,6,reply_ticks,0.0,0.0,0.0,0.0,,
forward,0,3,256,256,6,elapsed_us,2.7925,2.774,2.829,0.019825908974538006,1.9695613249776187,0.139625
forward,0,3,256,256,6,send_ticks,0.0,0.0,0.0,0.0,,
forward,0,3,256,256,6,reply_ticks,0.0,0.0,0.0,0.0,,
forward,0,3,257,257,6,elapsed_us,2.803,2.794,2.82,0.010476958846281047,0.9275775954334642,0.14015
forward,0,3,257,257,6,send_ticks,0.0,0.0,16.666666666666668,6.804138174397718,,
forward,0,3,257,257,6,reply_ticks,0.0,0.0,0.0,0.0,,
forward,0,3,4095,4095,6,elapsed_us,37.3105,37.298,37.361000000000004,0.022324874019801322,0.16885327186716875,1.8655249999999999
forward,0,3,4095,4095,6,send_ticks,33.333333333333336,33.333333333333336,50.0,8.606629658238706,50.0,33.333333333333336
forward,0,3,4095,4095,6,reply_ticks,0.0,0.0,0.0,0.0,,
forward,0,3,4096,4096,6,elapsed_us,37.3275,37.256,37.344,0.03292213034824246,0.2357511218270712,1.8663750000000001
forward,0,3,4096,4096,6,send_ticks,33.333333333333336,33.333333333333336,50.0,8.606629658238706,50.0,33.333333333333336
forward,0,3,4096,4096,6,reply_ticks,0.0,0.0,0.0,0.0,,
forward,0,3,4097,4097,6,elapsed_us,37.3185,37.298,37.346000000000004,0.019636700333813723,0.12862253306001045,1.865925
forward,0,3,4097,4097,6,send_ticks,33.333333333333336,33.333333333333336,50.0,6.804138174397718,50.0,33.333333333333336
forward,0,3,4097,4097,6,reply_ticks,0.0,0.0,0.0,0.0,,
forward,0,3,32768,32768,6,elapsed_us,295.2395,295.216,295.272,0.02060501557064849,0.01896765168617343,14.761975000000001
forward,0,3,32768,32768,6,send_ticks,300.0,300.0,300.0,0.0,0.0,33.333333333333336
forward,0,3,32768,32768,6,reply_ticks,0.0,0.0,0.0,0.0,,
forward,0,3,65535,65535,6,elapsed_us,589.602,589.514,589.765,0.09173748779352238,0.04257109032873023,29.4801
forward,0,3,65535,65535,6,send_ticks,583.3333333333334,583.3333333333334,600.0,8.606629658238706,2.857142857142857,33.333333333333336
forward,0,3,65535,65535,6,reply_ticks,16.666666666666668,0.0,16.666666666666668,8.606629658238706,100.0,33.333333333333336
forward,1,0,0,0,6,elapsed_us,1.869,1.82,1.8880000000000001,0.02368966019173766,3.6383092562867843,0.13600000000000012
forward,1,0,0,0,6,send_ticks,0.0,0.0,0.0,0.0,,
forward,1,0,0,0,6,reply_ticks,0.0,0.0,16.666666666666668,8.606629658238706,,
forward,1,0,1,1,6,elapsed_us,2.1,2.093,2.114,0.008328665359267755,1.0,0.10500000000000001
forward,1,0,1,1,6,send_ticks,0.0,0.0,0.0,0.0,,
forward,1,0,1,1,6,reply_ticks,0.0,0.0,16.666666666666668,6.804138174397718,,
forward,1,0,63,63,6,elapsed_us,4.159,4.155,4.165,0.00433589667773576,0.24044241404183697,0.20795
forward,1,0,63,63,6,send_ticks,0.0,0.0,16.666666666666668,6.804138174397718,,
forward,1,0,63,63,6,reply_ticks,0.0,0.0,16.666666666666668,6.804138174397718,,
forward,1,0,64,64,6,elapsed_us,4.196,4.186,4.202,0.0072571803523590805,0.3813155386081983,0.2098
forward,1,0,64,64,6,send_ticks,0.0,0.0,16.666666666666668,6.804138174397718,,
forward,1,0,64,64,6,reply_ticks,0.0,0.0,16.666666666666668,6.804138174397718,,
forward,1,0,65,65,6,elapsed_us,5.014,5.014,5.026,0.004833908011812665,0.23932987634623054,0.25070000000000003
forward,1,0,65,65,6,send_ticks,0.0,0.0,16.666666666666668,8.606629658238706,,
forward,1,0,65,65,6,reply_ticks,0.0,0.0,16.666666666666668,6.804138174397718,,
forward,1,0,255,255,6,elapsed_us,11.036,11.026,11.040000000000001,0.0057503623074260865,0.12685755708590069,0.5518
forward,1,0,255,255,6,send_ticks,0.0,0.0,16.666666666666668,8.606629658238706,,
forward,1,0,255,255,6,reply_ticks,0.0,0.0,16.666666666666668,6.804138174397718,,
forward,1,0,256,256,6,elapsed_us,11.028,11.027000000000001,11.028,0.00040824829046386303,0.009067827348567283,0.5514
forward,1,0,256,256,6,send_ticks,16.666666666666668,0.0,16.666666666666668,8.606629658238706,100.0,33.333333333333336
forward,1,0,256,256,6,reply_ticks,0.0,0.0,16.666666666666668,6.804138174397718,,
forward,1,0,257,257,6,elapsed_us,11.027000000000001,11.022,11.028,0.002136976056643281,0.054411898068377616,0.5513500000000001
forward,1,0,257,257,6,send_ticks,0.0,0.0,16.666666666666668,6.804138174397718,,
forward,1,0,257,257,6,reply_ticks,0.0,0.0,16.666666666666668,6.804138174397718,,
forward,1,0,4095,4095,6,elapsed_us,134.031,133.845,134.035,0.08943302894717738,0.14175824995709949,6.701550000000001
forward,1,0,4095,4095,6,send_ticks,133.33333333333334,116.66666666666667,133.33333333333334,8.606629658238706,12.5,33.33333333333334
forward,1,0,4095,4095,6,reply_ticks,0.0,0.0,16.666666666666668,8.606629658238706,,
forward,1,0,4096,4096,6,elapsed_us,134.028,133.861,134.034,0.06898308971528216,0.12907750619273584,6.7014
forward,1,0,4096,4096,6,send_ticks,133.33333333333334,116.66666666666667,133.33333333333334,6.804138174397718,12.5,33.33333333333334
forward,1,0,4096,4096,6,reply_ticks,8.333333333333334,0.0,16.666666666666668,9.128709291752768,200.0,33.333333333333336
forward,1,0,4097,4097,6,elapsed_us,134.028,134.014,134.029,0.005819507424745385,0.011191691288387502,6.7014
forward,1,0,4097,4097,6,send_ticks,133.33333333333334,116.66666666666667,133.33333333333334,8.606629658238706,12.5,33.33333333333334
forward,1,0,4097,4097,6,reply_ticks,0.0,0.0,16.666666666666668,8.606629658238706,,
forward,1,0,32768,32768,6,elapsed_us,1052.0395,1052.027,1052.098,0.03217918581940818,0.006748796029046438,52.60197500000001
forward,1,0,32768,32768,6,send_ticks,1050.0,1050.0,1050.0,0.0,0.0,52.5
forward,1,0,32768,32768,6,reply_ticks,0.0,0.0,0.0,0.0,,
forward,1,0,65535,65535,6,elapsed_us,2101.0935,2101.038,2101.159,0.0551966182538991,0.005758906017271482,105.054675
forward,1,0,65535,65535,6,send_ticks,2100.0,2083.3333333333335,2100.0,6.804138174397718,0.7936507936507936,105.0
forward,1,0,65535,65535,6,reply_ticks,0.0,0.0,16.666666666666668,8.606629658238706,,
forward,1,1,0,0,6,elapsed_us,1.8645,1.843,1.891,0.020333879774078207,2.574416733708769,0.09600000000000009
forward,1,1,0,0,6,send_ticks,0.0,0.0,0.0,0.0,,
forward,1,1,0,0,6,reply_ticks,0.0,0.0,16.666666666666668,8.606629658238706,,
forward,1,1,1,1,6,elapsed_us,2.0995,2.092,2.114,0.007771743691090179,1.047868540128602,0.104975
forward,1,1,1,1,6,send_ticks,0.0,0.0,0.0,0.0,,
forward,1,1,1,1,6,reply_ticks,0.0,0.0,0.0,0.0,,
forward,1,1,63,63,6,elapsed_us,4.1555,4.154,4.174,0.00764198926981712,0.48128985681626757,0.20777500000000002
forward,1,1,63,63,6,send_ticks,0.0,0.0,16.666666666666668,6.804138174397718,,
forward,1,1,63,63,6,reply_ticks,0.0,0.0,0.0,0.0,,
forward,1,1,64,64,6,elapsed_us,4.1855,4.184,4.197,0.005540758070878027,0.3105961056026759,0.20927500000000002
forward,1,1,64,64,6,send_ticks,0.0,0.0,16.666666666666668,6.804138174397718,,
forward,1,1,64,64,6,reply_ticks,0.0,0.0,0.0,0.0,,
forward,1,1,65,65,6,elapsed_us,5.014,5.013,5.024,0.004273952113286562,0.21938571998404469,0.25070000000000003
forward,1,1,65,65,6,send_ticks,0.0,0.0,16.666666666666668,6.804138174397718,,
forward,1,1,65,65,6,reply_ticks,0.0,0.0,0.0,0.0,,
forward,1,1,255,255,6,elapsed_us,11.038,11.027000000000001,11.040000000000001,0.0057850381733111035,0.11777495923174489,0.5519000000000001
forward,1,1,255,255,6,send_ticks,16.666666666666668,0.0,16.666666666666668,8.606629658238706,100.0,33.333333333333336
forward,1,1,255,255,6,reply_ticks,0.0,0.0,16.666666666666668,6.804138174397718,,
forward,1,1,256,256,6,elapsed_us,11.027000000000001,10.931000000000001,11.029,0.04762632325370778,0.8887276684501678,0.5513500000000001
forward,1,1,256,256,6,send_ticks,0.0,0.0,16.666666666666668,8.606629658238706,,
forward,1,1,256,256,6,reply_ticks,0.0,0.0,16.666666666666668,6.804138174397718,,
forward,1,1,257,257,6,elapsed_us,11.028500000000001,11.025,11.029,0.0016020819787597221,0.03626966495896994,0.551425
forward,1,1,257,257,6,send_ticks,8.333333333333334,0.0,16.666666666666668,9.128709291752768,200.0,33.333333333333336
forward,1,1,257,257,6,reply_ticks,0.0,0.0,0.0,0.0,,
forward,1,1,4095,4095,6,elapsed_us,134.034,134.032,134.035,0.001224744871391589,0.002238238058999955,6.7017
forward,1,1,4095,4095,6,send_ticks,133.33333333333334,133.33333333333334,133.33333333333334,0.0,0.0,33.333333333333336
forward,1,1,4095,4095,6,reply_ticks,0.0,0.0,0.0,0.0,,
forward,1,1,4096,4096,6,elapsed_us,134.028,134.02700000000002,134.059,0.012759310326189266,0.023875608081893335,6.7014
forward,1,1,4096,4096,6,send_ticks,133.33333333333334,133.33333333333334,133.33333333333334,0.0,0.0,33.333333333333336
forward,1,1,4096,4096,6,reply_ticks,0.0,0.0,0.0,0.0,,
forward,1,1,4097,4097,6,elapsed_us,134.02700000000002,134.026,134.029,0.0013662601021279463,0.002238354958329292,6.7013500000000015
forward,1,1,4097,4097,6,send_ticks,133.33333333333334,133.33333333333334,133.33333333333334,0.0,0.0,33.333333333333336
forward,1,1,4097,4097,6,reply_ticks,0.0,0.0,0.0,0.0,,
forward,1,1,32768,32768,6,elapsed_us,1052.0355,1052.032,1052.089,0.022446974554862994,0.005418068116522684,52.601775
forward,1,1,32768,32768,6,send_ticks,1050.0,1050.0,1050.0,0.0,0.0,52.5
forward,1,1,32768,32768,6,reply_ticks,0.0,0.0,0.0,0.0,,
forward,1,1,65535,65535,6,elapsed_us,2101.0825,2101.049,2101.147,0.04296820529957781,0.00466426235047886,105.054125
forward,1,1,65535,65535,6,send_ticks,2100.0,2100.0,2100.0,0.0,0.0,105.0
forward,1,1,65535,65535,6,reply_ticks,0.0,0.0,16.666666666666668,8.606629658238706,,
forward,1,2,0,0,6,elapsed_us,1.871,1.853,1.8940000000000001,0.01717847490320372,2.1913415285943345,0.09355000000000001
forward,1,2,0,0,6,send_ticks,0.0,0.0,0.0,0.0,,
forward,1,2,0,0,6,reply_ticks,0.0,0.0,16.666666666666668,6.804138174397718,,
forward,1,2,1,1,6,elapsed_us,2.101,2.093,2.105,0.004535048695071164,0.5711565920990005,0.10505
forward,1,2,1,1,6,send_ticks,0.0,0.0,0.0,0.0,,
forward,1,2,1,1,6,reply_ticks,0.0,0.0,0.0,0.0,,
forward,1,2,63,63,6,elapsed_us,4.158,4.148,4.163,0.006524313501562189,0.36075036075036077,0.20790000000000003
forward,1,2,63,63,6,send_ticks,0.0,0.0,16.666666666666668,6.804138174397718,,
forward,1,2,63,63,6,reply_ticks,0.0,0.0,0.0,0.0,,
forward,1,2,64,64,6,elapsed_us,4.191,4.1850000000000005,4.197,0.004718756898449704,0.2863278453829635,0.20955000000000001
forward,1,2,64,64,6,send_ticks,0.0,0.0,16.666666666666668,6.804138174397718,,
forward,1,2,64,64,6,reply_ticks,0.0,0.0,16.666666666666668,6.804138174397718,,
forward,1,2,65,65,6,elapsed_us,5.0145,4.916,5.015,0.04017959681231259,1.9742746036494168,0.25072500000000003
forward,1,2,65,65,6,send_ticks,0.0,0.0,16.666666666666668,6.804138174397718,,
forward,1,2,65,65,6,reply_ticks,0.0,0.0,16.666666666666668,8.606629658238706,,
forward,1,2,255,255,6,elapsed_us,11.0085,10.965,11.039,0.03540433118513421,0.6722078393968297,0.550425
forward,1,2,255,255,6,send_ticks,8.333333333333334,0.0,16.666666666666668,9.128709291752768,200.0,33.333333333333336
forward,1,2,255,255,6,reply_ticks,0.0,0.0,0.0,0.0,,
forward,1,2,256,256,6,elapsed_us,11.027000000000001,10.942,11.029,0.04018291510911903,0.7889725219914755,0.5513500000000001
forward,1,2,256,256,6,send_ticks,8.333333333333334,0.0,16.666666666666668,9.128709291752768,200.0,33.333333333333336
forward,1,2,256,256,6,reply_ticks,0.0,0.0,0.0,0.0,,
forward,1,2,257,257,6,elapsed_us,11.027000000000001,10.891,11.028,0.06135063161859053,1.2424050058946223,0.5513500000000001
forward,1,2,257,257,6,send_ticks,8.333333333333334,0.0,16.666666666666668,9.128709291752768,200.0,33.333333333333336
forward,1,2,257,257,6,reply_ticks,0.0,0.0,16.666666666666668,6.804138174397718,,
forward,1,2,4095,4095,6,elapsed_us,134.03300000000002,134.03300000000002,134.034,0.00040824829046386303,0.0007460849193855245,6.701650000000001
forward,1,2,4095,4095,6,send_ticks,133.33333333333334,133.33333333333334,133.33333333333334,0.0,0.0,33.333333333333336
forward,1,2,4095,4095,6,reply_ticks,0.0,0.0,0.0,0.0,,
forward,1,2,4096,4096,6,elapsed_us,134.029,134.02700000000002,134.041,0.005192943930629973,0.010445500600616284,6.70145
forward,1,2,4096,4096,6,send_ticks,133.33333333333334,133.33333333333334,133.33333333333334,0.0,0.0,33.333333333333336
forward,1,2,4096,4096,6,reply_ticks,0.0,0.0,16.666666666666668,6.804138174397718,,
forward,1,2,4097,4097,6,elapsed_us,134.0275,133.974,134.03,0.022090722034374524,0.041782470015481896,6.7013750000000005
forward,1,2,4097,4097,6,send_ticks,133.33333333333334,133.33333333333334,133.33333333333334,0.0,0.0,33.333333333333336
forward,1,2,4097,4097,6,reply_ticks,0.0,0.0,0.0,0.0,,
forward,1,2,32768,32768,6,elapsed_us,1052.036,1052.034,1052.1100000000001,0.030244007670942027,0.007224087388644495,52.601800000000004
forward,1,2,32768,32768,6,send_ticks,1050.0,1033.3333333333335,1050.0,6.804138174397718,1.5873015873015872,52.5
forward,1,2,32768,32768,6,reply_ticks,0.0,0.0,16.666666666666668,6.804138174397718,,
forward,1,2,65535,65535,6,elapsed_us,2101.092,2101.035,2101.1440000000002,0.05149142323403643,0.005187778545632462,105.05460000000001
forward,1,2,65535,65535,6,send_ticks,2100.0,2083.3333333333335,2100.0,6.804138174397718,0.7936507936507936,105.0
forward,1,2,65535,65535,6,reply_ticks,0.0,0.0,16.666666666666668,6.804138174397718,,
forward,1,3,0,0,6,elapsed_us,1.868,1.855,1.883,0.011129540272026813,1.4989293361884368,0.09340000000000001
forward,1,3,0,0,6,send_ticks,0.0,0.0,0.0,0.0,,
forward,1,3,0,0,6,reply_ticks,0.0,0.0,16.666666666666668,6.804138174397718,,
forward,1,3,1,1,6,elapsed_us,2.1,2.097,2.104,0.0024221202832779933,0.3333333333333333,0.10500000000000001
forward,1,3,1,1,6,send_ticks,0.0,0.0,0.0,0.0,,
forward,1,3,1,1,6,reply_ticks,0.0,0.0,0.0,0.0,,
forward,1,3,63,63,6,elapsed_us,4.1615,4.1530000000000005,4.165,0.004262237284181474,0.2883575633785895,0.208075
forward,1,3,63,63,6,send_ticks,0.0,0.0,16.666666666666668,6.804138174397718,,
forward,1,3,63,63,6,reply_ticks,0.0,0.0,0.0,0.0,,
forward,1,3,64,64,6,elapsed_us,4.186,4.131,4.202,0.030447769485902686,1.6961299569995223,0.2093
forward,1,3,64,64,6,send_ticks,0.0,0.0,16.666666666666668,6.804138174397718,,
forward,1,3,64,64,6,reply_ticks,0.0,0.0,16.666666666666668,6.804138174397718,,
forward,1,3,65,65,6,elapsed_us,5.0155,5.015,5.029,0.005513619500836089,0.2791346824842987,0.250775
forward,1,3,65,65,6,send_ticks,0.0,0.0,16.666666666666668,8.606629658238706,,
forward,1,3,65,65,6,reply_ticks,0.0,0.0,16.666666666666668,6.804138174397718,,
forward,1,3,255,255,6,elapsed_us,10.953,10.926,10.954,0.011057425860780921,0.25563772482424907,0.54765
forward,1,3,255,255,6,send_ticks,8.333333333333334,0.0,16.666666666666668,9.128709291752768,200.0,33.333333333333336
forward,1,3,255,255,6,reply_ticks,0.0,0.0,16.666666666666668,6.804138174397718,,
forward,1,3,256,256,6,elapsed_us,11.016,10.855,11.03,0.08590556831001507,1.5885984023238926,0.5508000000000001
forward,1,3,256,256,6,send_ticks,8.333333333333334,0.0,16.666666666666668,9.128709291752768,200.0,33.333333333333336
forward,1,3,256,256,6,reply_ticks,0.0,0.0,0.0,0.0,,
forward,1,3,257,257,6,elapsed_us,10.966000000000001,10.936,11.027000000000001,0.04104469108991645,0.8298376801021339,0.5483000000000001
forward,1,3,257,257,6,send_ticks,0.0,0.0,16.666666666666668,8.606629658238706,,
forward,1,3,257,257,6,reply_ticks,0.0,0.0,16.666666666666668,8.606629658238706,,
forward,1,3,4095,4095,6,elapsed_us,133.906,133.865,134.029,0.071670542530852,0.1224739742804654,6.6953000000000005
forward,1,3,4095,4095,6,send_ticks,133.33333333333334,133.33333333333334,133.33333333333334,0.0,0.0,33.333333333333336
forward,1,3,4095,4095,6,reply_ticks,0.0,0.0,0.0,0.0,,
forward,1,3,4096,4096,6,elapsed_us,134.034,134.03300000000002,134.037,0.0014719601443879745,0.0029843174119999405,6.7017
forward,1,3,4096,4096,6,send_ticks,133.33333333333334,116.66666666666667,133.33333333333334,6.804138174397718,12.5,33.33333333333334
forward,1,3,4096,4096,6,reply_ticks,0.0,0.0,16.666666666666668,6.804138174397718,,
forward,1,3,4097,4097,6,elapsed_us,134.031,134.028,134.059,0.014042791745233566,0.023128977624579387,6.701550000000001
forward,1,3,4097,4097,6,send_ticks,133.33333333333334,116.66666666666667,133.33333333333334,8.606629658238706,12.5,33.33333333333334
forward,1,3,4097,4097,6,reply_ticks,0.0,0.0,16.666666666666668,8.606629658238706,,
forward,1,3,32768,32768,6,elapsed_us,1052.0305,1051.963,1052.0910000000001,0.040883574533871994,0.012166947631271147,52.60152500000001
forward,1,3,32768,32768,6,send_ticks,1050.0,1050.0,1050.0,0.0,0.0,52.5
forward,1,3,32768,32768,6,reply_ticks,0.0,0.0,0.0,0.0,,
forward,1,3,65535,65535,6,elapsed_us,2101.076,2101.025,2101.148,0.05148462553682086,0.005854143305620549,105.05380000000001
forward,1,3,65535,65535,6,send_ticks,2100.0,2100.0,2100.0,0.0,0.0,105.0
forward,1,3,65535,65535,6,reply_ticks,8.333333333333334,0.0,16.666666666666668,9.128709291752768,200.0,33.333333333333336
reverse,0,3,1,1,6,elapsed_us,0.3245,0.31,0.394,0.036390474944230485,25.88597842835131,0.16800000000000004
reverse,0,3,1,1,6,send_ticks,0.0,0.0,0.0,0.0,,
reverse,0,3,1,1,6,reply_ticks,0.0,0.0,0.0,0.0,,
reverse,0,3,8,8,6,elapsed_us,2.6945,2.6,2.706,0.04035674251803119,3.93393950640193,0.21199999999999974
reverse,0,3,8,8,6,send_ticks,0.0,0.0,0.0,0.0,,
reverse,0,3,8,8,6,reply_ticks,0.0,0.0,16.666666666666668,6.804138174397718,,
reverse,0,3,64,64,6,elapsed_us,21.276500000000002,21.203,21.338,0.04386076454721995,0.6345028552628487,1.0638250000000002
reverse,0,3,64,64,6,send_ticks,0.0,0.0,0.0,0.0,,
reverse,0,3,64,64,6,reply_ticks,16.666666666666668,16.666666666666668,33.333333333333336,8.606629658238706,100.0,33.333333333333336
reverse,0,3,256,256,6,elapsed_us,84.96300000000001,84.893,85.024,0.04506883623969006,0.15418476277909207,4.248150000000001
reverse,0,3,256,256,6,send_ticks,0.0,0.0,0.0,0.0,,
reverse,0,3,256,256,6,reply_ticks,83.33333333333334,83.33333333333334,100.0,8.606629658238706,20.0,33.333333333333336
reverse,1,3,1,1,6,elapsed_us,0.004,0.003,0.016,0.005419102016632153,325.0,0.026000000000000002
reverse,1,3,1,1,6,send_ticks,0.0,0.0,0.0,0.0,,
reverse,1,3,1,1,6,reply_ticks,0.0,0.0,16.666666666666668,6.804138174397718,,
reverse,1,3,8,8,6,elapsed_us,0.02,0.019,0.024,0.0017511900715418264,25.0,0.010000000000000002
reverse,1,3,8,8,6,send_ticks,0.0,0.0,0.0,0.0,,
reverse,1,3,8,8,6,reply_ticks,0.0,0.0,16.666666666666668,8.606629658238706,,
reverse,1,3,64,64,6,elapsed_us,0.1475,0.14300000000000002,0.148,0.0019407902170679517,3.389830508474576,0.009999999999999953
reverse,1,3,64,64,6,send_ticks,0.0,0.0,0.0,0.0,,
reverse,1,3,64,64,6,reply_ticks,33.333333333333336,16.666666666666668,33.333333333333336,8.606629658238706,50.0,33.333333333333336
reverse,1,3,256,256,6,elapsed_us,0.5925,0.587,0.598,0.004262237284181474,1.8565400843881856,0.029625000000000002
reverse,1,3,256,256,6,send_ticks,0.0,0.0,0.0,0.0,,
reverse,1,3,256,256,6,reply_ticks,116.66666666666667,100.0,116.66666666666667,8.606629658238706,14.285714285714286,33.33333333333334
